"","SPECIES","REGION","DISTRICT","YEAR","SIZE_BIN","MIDPOINT","NUM_IMMATURE","NUM_MATURE","TOTAL_CRAB","PROP_MATURE"
"1","SNOW","EBS","ALL",1989,"0-10",5,0,0,0,0
"2","SNOW","EBS","ALL",1989,"10-20",15,0,0,0,0
"3","SNOW","EBS","ALL",1989,"20-30",25,1,0,1,0
"4","SNOW","EBS","ALL",1989,"30-40",35,182.4007,0,182.4007,0
"5","SNOW","EBS","ALL",1989,"40-50",45,1179.9604,27.5357,1207.4961,0.0228039659921055
"6","SNOW","EBS","ALL",1989,"50-60",55,1102.576,165.4949,1268.0709,0.130509185251392
"7","SNOW","EBS","ALL",1989,"60-70",65,910.6583,188.2494,1098.9077,0.171305924965309
"8","SNOW","EBS","ALL",1989,"70-80",75,1462.7453,229.4728,1692.2181,0.135604742674718
"9","SNOW","EBS","ALL",1989,"80-90",85,796.7718,371.5487,1168.3205,0.318019498930302
"10","SNOW","EBS","ALL",1989,"90-100",95,234.7517,316.969,551.7207,0.574509892414767
"11","SNOW","EBS","ALL",1989,"100-110",105,49.2443,379.2608,428.5051,0.885078847369611
"12","SNOW","EBS","ALL",1989,"110-120",115,6.7605,195.1941,201.9546,0.966524654551072
"13","SNOW","EBS","ALL",1989,"120-130",125,1,65.4497,66.4497,0.984951023104694
"14","SNOW","EBS","ALL",1989,"130-140",135,0,13,13,1
"15","SNOW","EBS","ALL",1989,"140-150",145,0,0,0,1
"16","SNOW","EBS","ALL",1989,"150-160",155,0,0,0,1
"17","SNOW","EBS","ALL",1989,"160-170",165,0,0,0,1
"18","SNOW","EBS","ALL",1989,"170-180",175,0,0,0,1
"19","SNOW","EBS","ALL",1989,"180-190",185,0,0,0,1
"20","SNOW","EBS","ALL",1989,"190-200",195,0,0,0,1
"21","SNOW","EBS","ALL",1990,"0-10",5,48.4313,8.037,56.4683,0
"22","SNOW","EBS","ALL",1990,"10-20",15,8.037,0,8.037,0
"23","SNOW","EBS","ALL",1990,"20-30",25,3,3,6,0
"24","SNOW","EBS","ALL",1990,"30-40",35,564.2375,0,564.2375,0
"25","SNOW","EBS","ALL",1990,"40-50",45,1316.3764,5.9716,1322.348,0.00451590655409922
"26","SNOW","EBS","ALL",1990,"50-60",55,2560.5663,205.1883,2765.7546,0.0741889030935717
"27","SNOW","EBS","ALL",1990,"60-70",65,2119.717,278.9489,2398.6659,0.116293352900877
"28","SNOW","EBS","ALL",1990,"70-80",75,972.4215,497.4557,1469.8772,0.338433509955798
"29","SNOW","EBS","ALL",1990,"80-90",85,744.4128,393.9624,1138.3752,0.346074299580665
"30","SNOW","EBS","ALL",1990,"90-100",95,693.1012,376.7261,1069.8273,0.35213730290861
"31","SNOW","EBS","ALL",1990,"100-110",105,218.5,317.6346,536.1346,0.592453089205584
"32","SNOW","EBS","ALL",1990,"110-120",115,13.4455,142.1524,155.5979,0.913588165392978
"33","SNOW","EBS","ALL",1990,"120-130",125,0,99.9065,99.9065,1
"34","SNOW","EBS","ALL",1990,"130-140",135,0,7.7006,7.7006,1
"35","SNOW","EBS","ALL",1990,"140-150",145,0,0,0,1
"36","SNOW","EBS","ALL",1990,"150-160",155,0,0,0,1
"37","SNOW","EBS","ALL",1990,"160-170",165,0,0,0,1
"38","SNOW","EBS","ALL",1990,"170-180",175,0,0,0,1
"39","SNOW","EBS","ALL",1990,"180-190",185,0,0,0,1
"40","SNOW","EBS","ALL",1990,"190-200",195,0,0,0,1
"41","SNOW","EBS","ALL",1991,"0-10",5,0,0,0,0
"42","SNOW","EBS","ALL",1991,"10-20",15,15.5608,0,15.5608,0
"43","SNOW","EBS","ALL",1991,"20-30",25,37.7706,4.5942,42.3648,0
"44","SNOW","EBS","ALL",1991,"30-40",35,163.6403,0,163.6403,0
"45","SNOW","EBS","ALL",1991,"40-50",45,1790.4761,4.7764,1795.2525,0.0026605728163587
"46","SNOW","EBS","ALL",1991,"50-60",55,2706.1146,147.9695,2854.0841,0.0518448282585646
"47","SNOW","EBS","ALL",1991,"60-70",65,2114.5343,419.8917,2534.426,0.16567526532635
"48","SNOW","EBS","ALL",1991,"70-80",75,1025.3924,348.4528,1373.8452,0.253633233205604
"49","SNOW","EBS","ALL",1991,"80-90",85,1207.5287,422.9483,1630.477,0.259401573895247
"50","SNOW","EBS","ALL",1991,"90-100",95,1100.8467,425.5997,1526.4464,0.278817323687225
"51","SNOW","EBS","ALL",1991,"100-110",105,201.4482,459.2657,660.7139,0.695105249034416
"52","SNOW","EBS","ALL",1991,"110-120",115,15.8253,582.4308,598.2561,0.973547616146329
"53","SNOW","EBS","ALL",1991,"120-130",125,11.5385,258.8233,270.3618,0.957322003330352
"54","SNOW","EBS","ALL",1991,"130-140",135,0,36.0209,36.0209,1
"55","SNOW","EBS","ALL",1991,"140-150",145,0,0,0,1
"56","SNOW","EBS","ALL",1991,"150-160",155,0,0,0,1
"57","SNOW","EBS","ALL",1991,"160-170",165,0,0,0,1
"58","SNOW","EBS","ALL",1991,"170-180",175,0,0,0,1
"59","SNOW","EBS","ALL",1991,"180-190",185,0,0,0,1
"60","SNOW","EBS","ALL",1991,"190-200",195,0,0,0,1
"61","SNOW","EBS","ALL",1992,"0-10",5,0,0,0,0
"62","SNOW","EBS","ALL",1992,"10-20",15,7.9344,0,7.9344,0
"63","SNOW","EBS","ALL",1992,"20-30",25,640.2555,0,640.2555,0
"64","SNOW","EBS","ALL",1992,"30-40",35,490.0306,20.0978,510.1284,0
"65","SNOW","EBS","ALL",1992,"40-50",45,1410.2644,20.8271,1431.0915,0.0145532972559756
"66","SNOW","EBS","ALL",1992,"50-60",55,1332.3912,301.5435,1633.9347,0.18455052089903
"67","SNOW","EBS","ALL",1992,"60-70",65,1160.6172,363.3392,1523.9564,0.238418369449415
"68","SNOW","EBS","ALL",1992,"70-80",75,894.2518,572.2183,1466.4701,0.39020113672962
"69","SNOW","EBS","ALL",1992,"80-90",85,712.3583,628.4479,1340.8062,0.46870897524191
"70","SNOW","EBS","ALL",1992,"90-100",95,325.4722,404.6252,730.0974,0.554207150991087
"71","SNOW","EBS","ALL",1992,"100-110",105,78.0923,497.9816,576.0739,0.864440482375612
"72","SNOW","EBS","ALL",1992,"110-120",115,17.9832,655.8822,673.8654,0.973313364953891
"73","SNOW","EBS","ALL",1992,"120-130",125,2.7219,252.6881,255.41,0.989343017109745
"74","SNOW","EBS","ALL",1992,"130-140",135,1.259,20.9651,22.2241,1
"75","SNOW","EBS","ALL",1992,"140-150",145,0,0,0,1
"76","SNOW","EBS","ALL",1992,"150-160",155,0,0,0,1
"77","SNOW","EBS","ALL",1992,"160-170",165,0,0,0,1
"78","SNOW","EBS","ALL",1992,"170-180",175,0,0,0,1
"79","SNOW","EBS","ALL",1992,"180-190",185,0,0,0,1
"80","SNOW","EBS","ALL",1992,"190-200",195,0,0,0,1
"81","SNOW","EBS","ALL",1993,"0-10",5,0,0,0,0
"82","SNOW","EBS","ALL",1993,"10-20",15,0,0,0,0
"83","SNOW","EBS","ALL",1993,"20-30",25,70.2389,29.65,99.8889,0
"84","SNOW","EBS","ALL",1993,"30-40",35,1093.2391,0,1093.2391,0
"85","SNOW","EBS","ALL",1993,"40-50",45,1927.7667,36.5662,1964.3329,0.018615072832105
"86","SNOW","EBS","ALL",1993,"50-60",55,1972.1097,199.8063,2171.916,0.0919954086622135
"87","SNOW","EBS","ALL",1993,"60-70",65,1693.4208,656.5582,2349.979,0.279388964752451
"88","SNOW","EBS","ALL",1993,"70-80",75,447.2281,811.0449,1258.273,0.644569898583217
"89","SNOW","EBS","ALL",1993,"80-90",85,182.0928,366.1001,548.1929,0.667830794598033
"90","SNOW","EBS","ALL",1993,"90-100",95,103.1189,270.6736,373.7925,0.72412795869366
"91","SNOW","EBS","ALL",1993,"100-110",105,26.2872,240.8601,267.1473,0.901600353063647
"92","SNOW","EBS","ALL",1993,"110-120",115,13.3295,229.8869,243.2164,0.945194896396789
"93","SNOW","EBS","ALL",1993,"120-130",125,2,102.0256,104.0256,0.980773963332103
"94","SNOW","EBS","ALL",1993,"130-140",135,0,12.7624,12.7624,1
"95","SNOW","EBS","ALL",1993,"140-150",145,0,0,0,1
"96","SNOW","EBS","ALL",1993,"150-160",155,0,0,0,1
"97","SNOW","EBS","ALL",1993,"160-170",165,0,0,0,1
"98","SNOW","EBS","ALL",1993,"170-180",175,0,0,0,1
"99","SNOW","EBS","ALL",1993,"180-190",185,0,0,0,1
"100","SNOW","EBS","ALL",1993,"190-200",195,0,0,0,1
"101","SNOW","EBS","ALL",1994,"0-10",5,0,0,0,0
"102","SNOW","EBS","ALL",1994,"10-20",15,1,0,1,0
"103","SNOW","EBS","ALL",1994,"20-30",25,1,13.9174,14.9174,0
"104","SNOW","EBS","ALL",1994,"30-40",35,215.0237,0,215.0237,0
"105","SNOW","EBS","ALL",1994,"40-50",45,1281.4351,51.5065,1332.9416,0.0386412277927255
"106","SNOW","EBS","ALL",1994,"50-60",55,3208.979,352.119,3561.098,0.0988793344075339
"107","SNOW","EBS","ALL",1994,"60-70",65,3283.0505,1016.0022,4299.0527,0.236331645806528
"108","SNOW","EBS","ALL",1994,"70-80",75,1347.5561,1068.2045,2415.7606,0.44218143966749
"109","SNOW","EBS","ALL",1994,"80-90",85,426.9993,463.2241,890.2234,0.520345904185399
"110","SNOW","EBS","ALL",1994,"90-100",95,123.5264,125.6785,249.2049,0.504317932753329
"111","SNOW","EBS","ALL",1994,"100-110",105,16.0691,64.6314,80.7005,0.80087979628379
"112","SNOW","EBS","ALL",1994,"110-120",115,4,49.9321,53.9321,0.925832667372492
"113","SNOW","EBS","ALL",1994,"120-130",125,0,14.8157,14.8157,1
"114","SNOW","EBS","ALL",1994,"130-140",135,0,1,1,1
"115","SNOW","EBS","ALL",1994,"140-150",145,0,0,0,1
"116","SNOW","EBS","ALL",1994,"150-160",155,0,0,0,1
"117","SNOW","EBS","ALL",1994,"160-170",165,0,0,0,1
"118","SNOW","EBS","ALL",1994,"170-180",175,0,0,0,1
"119","SNOW","EBS","ALL",1994,"180-190",185,0,0,0,1
"120","SNOW","EBS","ALL",1994,"190-200",195,0,0,0,1
"121","SNOW","EBS","ALL",1995,"0-10",5,0,0,0,0
"122","SNOW","EBS","ALL",1995,"10-20",15,0,0,0,0
"123","SNOW","EBS","ALL",1995,"20-30",25,0,0,0,0
"124","SNOW","EBS","ALL",1995,"30-40",35,0,0,0,0
"125","SNOW","EBS","ALL",1995,"40-50",45,540.2564,10.5026,550.759,0.0190693207010689
"126","SNOW","EBS","ALL",1995,"50-60",55,2298.1118,268.1408,2566.2526,0.104487297937857
"127","SNOW","EBS","ALL",1995,"60-70",65,3323.6477,747.0422,4070.6899,0.183517344320431
"128","SNOW","EBS","ALL",1995,"70-80",75,2745.0034,1599.7279,4344.7313,0.368199501773562
"129","SNOW","EBS","ALL",1995,"80-90",85,1020.2756,968.2899,1988.5655,0.486928843932976
"130","SNOW","EBS","ALL",1995,"90-100",95,324.2993,672.3176,996.6169,0.674599838714354
"131","SNOW","EBS","ALL",1995,"100-110",105,51.3637,241.393,292.7567,0.824551581569269
"132","SNOW","EBS","ALL",1995,"110-120",115,6.2905,109.1145,115.405,0.945491963086521
"133","SNOW","EBS","ALL",1995,"120-130",125,2.4492,48.2166,50.6658,0.951659699442227
"134","SNOW","EBS","ALL",1995,"130-140",135,0,5.7817,5.7817,1
"135","SNOW","EBS","ALL",1995,"140-150",145,0,0,0,1
"136","SNOW","EBS","ALL",1995,"150-160",155,0,0,0,1
"137","SNOW","EBS","ALL",1995,"160-170",165,0,0,0,1
"138","SNOW","EBS","ALL",1995,"170-180",175,0,0,0,1
"139","SNOW","EBS","ALL",1995,"180-190",185,0,0,0,1
"140","SNOW","EBS","ALL",1995,"190-200",195,0,0,0,1
"141","SNOW","EBS","ALL",1996,"0-10",5,0,0,0,0
"142","SNOW","EBS","ALL",1996,"10-20",15,0,0,0,0
"143","SNOW","EBS","ALL",1996,"20-30",25,0,0,0,0
"144","SNOW","EBS","ALL",1996,"30-40",35,1,0,1,0
"145","SNOW","EBS","ALL",1996,"40-50",45,25.1894,0,25.1894,0
"146","SNOW","EBS","ALL",1996,"50-60",55,415.1234,59.4987,474.6221,0.125360154952751
"147","SNOW","EBS","ALL",1996,"60-70",65,1086.0197,235.394,1321.4137,0.178138004774735
"148","SNOW","EBS","ALL",1996,"70-80",75,1288.015,636.6465,1924.6615,0.330783620912041
"149","SNOW","EBS","ALL",1996,"80-90",85,1073.1086,710.0699,1783.1785,0.398204610475059
"150","SNOW","EBS","ALL",1996,"90-100",95,693.9928,647.1029,1341.0957,0.482518063401441
"151","SNOW","EBS","ALL",1996,"100-110",105,64.7717,520.487,585.2587,0.889328086878503
"152","SNOW","EBS","ALL",1996,"110-120",115,10.6876,162.2877,172.9753,0.938213143726301
"153","SNOW","EBS","ALL",1996,"120-130",125,0,29.0709,29.0709,1
"154","SNOW","EBS","ALL",1996,"130-140",135,0,1,1,1
"155","SNOW","EBS","ALL",1996,"140-150",145,0,0,0,1
"156","SNOW","EBS","ALL",1996,"150-160",155,0,0,0,1
"157","SNOW","EBS","ALL",1996,"160-170",165,0,0,0,1
"158","SNOW","EBS","ALL",1996,"170-180",175,0,0,0,1
"159","SNOW","EBS","ALL",1996,"180-190",185,0,0,0,1
"160","SNOW","EBS","ALL",1996,"190-200",195,0,0,0,1
"161","SNOW","EBS","ALL",1997,"0-10",5,0,0,0,0
"162","SNOW","EBS","ALL",1997,"10-20",15,0,0,0,0
"163","SNOW","EBS","ALL",1997,"20-30",25,5.8969,0,5.8969,0
"164","SNOW","EBS","ALL",1997,"30-40",35,21.2152,1,22.2152,0
"165","SNOW","EBS","ALL",1997,"40-50",45,231.4359,2,233.4359,0.00856766247179633
"166","SNOW","EBS","ALL",1997,"50-60",55,649.2624,75.3338,724.5962,0.103966595463791
"167","SNOW","EBS","ALL",1997,"60-70",65,1072.6997,220.4335,1293.1332,0.170464651282637
"168","SNOW","EBS","ALL",1997,"70-80",75,1279.9508,443.9492,1723.9,0.257526074598295
"169","SNOW","EBS","ALL",1997,"80-90",85,1079.1715,335.5248,1414.6963,0.237170903748034
"170","SNOW","EBS","ALL",1997,"90-100",95,880.5936,547.9191,1428.5127,0.383559138116168
"171","SNOW","EBS","ALL",1997,"100-110",105,237.4538,641.2307,878.6845,0.72976216150393
"172","SNOW","EBS","ALL",1997,"110-120",115,13.4342,331.6807,345.1149,0.961073254153907
"173","SNOW","EBS","ALL",1997,"120-130",125,0,49.2988,49.2988,1
"174","SNOW","EBS","ALL",1997,"130-140",135,0,1,1,1
"175","SNOW","EBS","ALL",1997,"140-150",145,0,0,0,1
"176","SNOW","EBS","ALL",1997,"150-160",155,0,0,0,1
"177","SNOW","EBS","ALL",1997,"160-170",165,0,0,0,1
"178","SNOW","EBS","ALL",1997,"170-180",175,0,0,0,1
"179","SNOW","EBS","ALL",1997,"180-190",185,0,0,0,1
"180","SNOW","EBS","ALL",1997,"190-200",195,0,0,0,1
"181","SNOW","EBS","ALL",1998,"0-10",5,0,0,0,0
"182","SNOW","EBS","ALL",1998,"10-20",15,0,0,0,0
"183","SNOW","EBS","ALL",1998,"20-30",25,7.947,0,7.947,0
"184","SNOW","EBS","ALL",1998,"30-40",35,26.1907,0,26.1907,0
"185","SNOW","EBS","ALL",1998,"40-50",45,1300.8586,25.6687,1326.5273,0.0193502990854391
"186","SNOW","EBS","ALL",1998,"50-60",55,1447.7643,154.9654,1602.7297,0.0966884185149873
"187","SNOW","EBS","ALL",1998,"60-70",65,769.1766,188.9361,958.1127,0.197196112732876
"188","SNOW","EBS","ALL",1998,"70-80",75,473.4202,313.8747,787.2949,0.398674880276755
"189","SNOW","EBS","ALL",1998,"80-90",85,667.9553,359.5871,1027.5424,0.349948673650839
"190","SNOW","EBS","ALL",1998,"90-100",95,779.5824,638.7862,1418.3686,0.450366851042811
"191","SNOW","EBS","ALL",1998,"100-110",105,181.4038,906.0025,1087.4063,0.833177534468947
"192","SNOW","EBS","ALL",1998,"110-120",115,29.295,534.7254,564.0204,0.948060389305068
"193","SNOW","EBS","ALL",1998,"120-130",125,3.871,129.3613,133.2323,0.970945483940456
"194","SNOW","EBS","ALL",1998,"130-140",135,0,10,10,1
"195","SNOW","EBS","ALL",1998,"140-150",145,0,0,0,1
"196","SNOW","EBS","ALL",1998,"150-160",155,0,0,0,1
"197","SNOW","EBS","ALL",1998,"160-170",165,0,0,0,1
"198","SNOW","EBS","ALL",1998,"170-180",175,0,0,0,1
"199","SNOW","EBS","ALL",1998,"180-190",185,0,0,0,1
"200","SNOW","EBS","ALL",1998,"190-200",195,0,0,0,1
"201","SNOW","EBS","ALL",1999,"0-10",5,0,0,0,0
"202","SNOW","EBS","ALL",1999,"10-20",15,3,0,3,0
"203","SNOW","EBS","ALL",1999,"20-30",25,54.5244,1,55.5244,0
"204","SNOW","EBS","ALL",1999,"30-40",35,163.7896,0,163.7896,0
"205","SNOW","EBS","ALL",1999,"40-50",45,469.2397,46.5192,515.7589,0.090195632106397
"206","SNOW","EBS","ALL",1999,"50-60",55,571.12862,125.7103,696.83892,0.18040080195291
"207","SNOW","EBS","ALL",1999,"60-70",65,435.04896,164.77584,599.8248,0.274706614331385
"208","SNOW","EBS","ALL",1999,"70-80",75,104.01804,98.92812,202.94616,0.487459925331921
"209","SNOW","EBS","ALL",1999,"80-90",85,104.63246,62.67374,167.3062,0.374605005672235
"210","SNOW","EBS","ALL",1999,"90-100",95,83.94686,129.66872,213.61558,0.607019019867371
"211","SNOW","EBS","ALL",1999,"100-110",105,14.9584,118.4533,133.4117,0.887877899764413
"212","SNOW","EBS","ALL",1999,"110-120",115,7.9637,110.8845,118.8482,0.932992674689225
"213","SNOW","EBS","ALL",1999,"120-130",125,0,28.9208,28.9208,1
"214","SNOW","EBS","ALL",1999,"130-140",135,0,2,2,1
"215","SNOW","EBS","ALL",1999,"140-150",145,0,0,0,1
"216","SNOW","EBS","ALL",1999,"150-160",155,0,0,0,1
"217","SNOW","EBS","ALL",1999,"160-170",165,0,0,0,1
"218","SNOW","EBS","ALL",1999,"170-180",175,0,0,0,1
"219","SNOW","EBS","ALL",1999,"180-190",185,0,0,0,1
"220","SNOW","EBS","ALL",1999,"190-200",195,0,0,0,1
"221","SNOW","EBS","ALL",2000,"0-10",5,0,0,0,0
"222","SNOW","EBS","ALL",2000,"10-20",15,2,0,2,0
"223","SNOW","EBS","ALL",2000,"20-30",25,172.9849,0,172.9849,0
"224","SNOW","EBS","ALL",2000,"30-40",35,719.6684,2,721.6684,0
"225","SNOW","EBS","ALL",2000,"40-50",45,1747.7051,25.2904,1772.9955,0.014264221200787
"226","SNOW","EBS","ALL",2000,"50-60",55,2606.3705,152.0605,2758.431,0.0551257218324475
"227","SNOW","EBS","ALL",2000,"60-70",65,897.8109,352.7706,1250.5815,0.282085253939867
"228","SNOW","EBS","ALL",2000,"70-80",75,337.077,204.033,541.11,0.377063813272717
"229","SNOW","EBS","ALL",2000,"80-90",85,144.5363,94.5098,239.0461,0.395362233477141
"230","SNOW","EBS","ALL",2000,"90-100",95,57.0595,77.8874,134.9469,0.577170724188551
"231","SNOW","EBS","ALL",2000,"100-110",105,6,90.4339,96.4339,0.937781215941697
"232","SNOW","EBS","ALL",2000,"110-120",115,7,95.6314,102.6314,0.931794752872902
"233","SNOW","EBS","ALL",2000,"120-130",125,0,41.554,41.554,1
"234","SNOW","EBS","ALL",2000,"130-140",135,0,6.277,6.277,1
"235","SNOW","EBS","ALL",2000,"140-150",145,0,0,0,1
"236","SNOW","EBS","ALL",2000,"150-160",155,0,0,0,1
"237","SNOW","EBS","ALL",2000,"160-170",165,0,0,0,1
"238","SNOW","EBS","ALL",2000,"170-180",175,0,0,0,1
"239","SNOW","EBS","ALL",2000,"180-190",185,0,0,0,1
"240","SNOW","EBS","ALL",2000,"190-200",195,0,0,0,1
"241","SNOW","EBS","ALL",2001,"0-10",5,0,0,0,0
"242","SNOW","EBS","ALL",2001,"10-20",15,1,102.4631,103.4631,0
"243","SNOW","EBS","ALL",2001,"20-30",25,11.375,0,11.375,0
"244","SNOW","EBS","ALL",2001,"30-40",35,14,1.8269,15.8269,0
"245","SNOW","EBS","ALL",2001,"40-50",45,203.3651,0,203.3651,0
"246","SNOW","EBS","ALL",2001,"50-60",55,1222.8547,176.3917,1399.2464,0.12606192876394
"247","SNOW","EBS","ALL",2001,"60-70",65,2588.4426,483.7666,3072.2092,0.157465383542241
"248","SNOW","EBS","ALL",2001,"70-80",75,2059.849,764.779,2824.628,0.270753883343223
"249","SNOW","EBS","ALL",2001,"80-90",85,722.3786,492.6293,1215.0079,0.405453577709248
"250","SNOW","EBS","ALL",2001,"90-100",95,210.6969,286.2687,496.9656,0.576033230469071
"251","SNOW","EBS","ALL",2001,"100-110",105,28.7067,257.2994,286.0061,0.899629063855631
"252","SNOW","EBS","ALL",2001,"110-120",115,7,83.5696,90.5696,0.922711373352648
"253","SNOW","EBS","ALL",2001,"120-130",125,0,24.9872,24.9872,1
"254","SNOW","EBS","ALL",2001,"130-140",135,0,0,0,1
"255","SNOW","EBS","ALL",2001,"140-150",145,0,0,0,1
"256","SNOW","EBS","ALL",2001,"150-160",155,0,0,0,1
"257","SNOW","EBS","ALL",2001,"160-170",165,0,0,0,1
"258","SNOW","EBS","ALL",2001,"170-180",175,0,0,0,1
"259","SNOW","EBS","ALL",2001,"180-190",185,0,0,0,1
"260","SNOW","EBS","ALL",2001,"190-200",195,0,0,0,1
"261","SNOW","EBS","ALL",2002,"0-10",5,0,0,0,0
"262","SNOW","EBS","ALL",2002,"10-20",15,0,0,0,0
"263","SNOW","EBS","ALL",2002,"20-30",25,20.3927,0,20.3927,0
"264","SNOW","EBS","ALL",2002,"30-40",35,37.5357,1,38.5357,0
"265","SNOW","EBS","ALL",2002,"40-50",45,143.7761,0,143.7761,0
"266","SNOW","EBS","ALL",2002,"50-60",55,460.0133,13.3208,473.3341,0.0281424896283619
"267","SNOW","EBS","ALL",2002,"60-70",65,212.3283,67.5523,279.8806,0.241361137570807
"268","SNOW","EBS","ALL",2002,"70-80",75,255.6305,145.4156,401.0461,0.362590734581386
"269","SNOW","EBS","ALL",2002,"80-90",85,279.2798,119.4226,398.7024,0.299528169381473
"270","SNOW","EBS","ALL",2002,"90-100",95,176.1151,141.77,317.8851,0.445978751441952
"271","SNOW","EBS","ALL",2002,"100-110",105,24.805,153.6151,178.4201,0.860974183962457
"272","SNOW","EBS","ALL",2002,"110-120",115,1,54.3907,55.3907,0.981946427829943
"273","SNOW","EBS","ALL",2002,"120-130",125,0,19.7921,19.7921,1
"274","SNOW","EBS","ALL",2002,"130-140",135,0,1,1,1
"275","SNOW","EBS","ALL",2002,"140-150",145,0,0,0,1
"276","SNOW","EBS","ALL",2002,"150-160",155,0,0,0,1
"277","SNOW","EBS","ALL",2002,"160-170",165,0,0,0,1
"278","SNOW","EBS","ALL",2002,"170-180",175,0,0,0,1
"279","SNOW","EBS","ALL",2002,"180-190",185,0,0,0,1
"280","SNOW","EBS","ALL",2002,"190-200",195,0,0,0,1
"281","SNOW","EBS","ALL",2003,"0-10",5,0,0,0,0
"282","SNOW","EBS","ALL",2003,"10-20",15,1,0,1,0
"283","SNOW","EBS","ALL",2003,"20-30",25,1,0,1,0
"284","SNOW","EBS","ALL",2003,"30-40",35,29.1948,1,30.1948,0
"285","SNOW","EBS","ALL",2003,"40-50",45,351.0244,19.8682,370.8926,0.0535686071924864
"286","SNOW","EBS","ALL",2003,"50-60",55,574.2788,85.1575,659.4363,0.129136809726732
"287","SNOW","EBS","ALL",2003,"60-70",65,503.3473,115.1195,618.4668,0.186136911472047
"288","SNOW","EBS","ALL",2003,"70-80",75,375.1511,132.4209,507.572,0.26089086868464
"289","SNOW","EBS","ALL",2003,"80-90",85,264.2415,136.5346,400.7761,0.34067550435268
"290","SNOW","EBS","ALL",2003,"90-100",95,223.9205,120.2989,344.2194,0.349483207512418
"291","SNOW","EBS","ALL",2003,"100-110",105,49,161.5007,210.5007,0.767221676697512
"292","SNOW","EBS","ALL",2003,"110-120",115,9.6549,128.6549,138.3098,0.930193666681609
"293","SNOW","EBS","ALL",2003,"120-130",125,6.6549,46,52.6549,0.873612902123069
"294","SNOW","EBS","ALL",2003,"130-140",135,0,1,1,1
"295","SNOW","EBS","ALL",2003,"140-150",145,0,0,0,1
"296","SNOW","EBS","ALL",2003,"150-160",155,0,0,0,1
"297","SNOW","EBS","ALL",2003,"160-170",165,0,0,0,1
"298","SNOW","EBS","ALL",2003,"170-180",175,0,0,0,1
"299","SNOW","EBS","ALL",2003,"180-190",185,0,0,0,1
"300","SNOW","EBS","ALL",2003,"190-200",195,0,0,0,1
"301","SNOW","EBS","ALL",2004,"0-10",5,0,0,0,0
"302","SNOW","EBS","ALL",2004,"10-20",15,0,0,0,0
"303","SNOW","EBS","ALL",2004,"20-30",25,0,0,0,0
"304","SNOW","EBS","ALL",2004,"30-40",35,2,0,2,0
"305","SNOW","EBS","ALL",2004,"40-50",45,5,0,5,0
"306","SNOW","EBS","ALL",2004,"50-60",55,35.8665,6.3098,42.1763,0.14960534707881
"307","SNOW","EBS","ALL",2004,"60-70",65,108.8501,49.0601,157.9102,0.310683540391944
"308","SNOW","EBS","ALL",2004,"70-80",75,67.4105,58.1307,125.5412,0.463040818472342
"309","SNOW","EBS","ALL",2004,"80-90",85,59.5852,67.9197,127.5049,0.532683057670725
"310","SNOW","EBS","ALL",2004,"90-100",95,83.5708,97.9065,181.4773,0.539497226374869
"311","SNOW","EBS","ALL",2004,"100-110",105,42.5128,112.9615,155.4743,0.726560595545373
"312","SNOW","EBS","ALL",2004,"110-120",115,9.5744,145.4084,154.9828,0.938222822145425
"313","SNOW","EBS","ALL",2004,"120-130",125,1,53.0794,54.0794,0.981508670584363
"314","SNOW","EBS","ALL",2004,"130-140",135,0,10.3065,10.3065,1
"315","SNOW","EBS","ALL",2004,"140-150",145,0,0,0,1
"316","SNOW","EBS","ALL",2004,"150-160",155,0,0,0,1
"317","SNOW","EBS","ALL",2004,"160-170",165,0,0,0,1
"318","SNOW","EBS","ALL",2004,"170-180",175,0,0,0,1
"319","SNOW","EBS","ALL",2004,"180-190",185,0,0,0,1
"320","SNOW","EBS","ALL",2004,"190-200",195,0,0,0,1
"321","SNOW","EBS","ALL",2005,"0-10",5,0,0,0,0
"322","SNOW","EBS","ALL",2005,"10-20",15,0,0,0,0
"323","SNOW","EBS","ALL",2005,"20-30",25,1,0,1,0
"324","SNOW","EBS","ALL",2005,"30-40",35,0,0,0,0
"325","SNOW","EBS","ALL",2005,"40-50",45,492.6083,30.2781,522.8864,0.0579056942387486
"326","SNOW","EBS","ALL",2005,"50-60",55,1840.8023,298.3753,2139.1776,0.139481312818534
"327","SNOW","EBS","ALL",2005,"60-70",65,3570.0758,1120.2284,4690.3042,0.238839178064399
"328","SNOW","EBS","ALL",2005,"70-80",75,567.2296,459.1603,1026.3899,0.447354655379988
"329","SNOW","EBS","ALL",2005,"80-90",85,207.3712,256.8773,464.2485,0.553318535224131
"330","SNOW","EBS","ALL",2005,"90-100",95,193.1362,173.3919,366.5281,0.473065775857294
"331","SNOW","EBS","ALL",2005,"100-110",105,15,141.1523,156.1523,0.903939935562909
"332","SNOW","EBS","ALL",2005,"110-120",115,7,150.3087,157.3087,0.955501507545355
"333","SNOW","EBS","ALL",2005,"120-130",125,2.478,110.8584,113.3364,0.978135885734857
"334","SNOW","EBS","ALL",2005,"130-140",135,0,8.478,8.478,1
"335","SNOW","EBS","ALL",2005,"140-150",145,0,0,0,1
"336","SNOW","EBS","ALL",2005,"150-160",155,0,0,0,1
"337","SNOW","EBS","ALL",2005,"160-170",165,0,0,0,1
"338","SNOW","EBS","ALL",2005,"170-180",175,0,0,0,1
"339","SNOW","EBS","ALL",2005,"180-190",185,0,0,0,1
"340","SNOW","EBS","ALL",2005,"190-200",195,0,0,0,1
"341","SNOW","EBS","ALL",2006,"0-10",5,0,0,0,0
"342","SNOW","EBS","ALL",2006,"10-20",15,0,1,1,0
"343","SNOW","EBS","ALL",2006,"20-30",25,3,1,4,0
"344","SNOW","EBS","ALL",2006,"30-40",35,78.7778,0,78.7778,0
"345","SNOW","EBS","ALL",2006,"40-50",45,96.966,8,104.966,0.076215155383648
"346","SNOW","EBS","ALL",2006,"50-60",55,294.6619,52.9548,347.6167,0.152336754822194
"347","SNOW","EBS","ALL",2006,"60-70",65,265.1025,169.031,434.1335,0.389352583940194
"348","SNOW","EBS","ALL",2006,"70-80",75,290.8499,228.6666,519.5165,0.440152718922306
"349","SNOW","EBS","ALL",2006,"80-90",85,352.4451,250.2782,602.7233,0.415245602750051
"350","SNOW","EBS","ALL",2006,"90-100",95,96.6284,144.1881,240.8165,0.598746763614619
"351","SNOW","EBS","ALL",2006,"100-110",105,31.9622,97.2661,129.2283,0.752668726586978
"352","SNOW","EBS","ALL",2006,"110-120",115,3,36.6545,39.6545,0.924346543267473
"353","SNOW","EBS","ALL",2006,"120-130",125,0,25.7745,25.7745,1
"354","SNOW","EBS","ALL",2006,"130-140",135,0,1,1,1
"355","SNOW","EBS","ALL",2006,"140-150",145,0,0,0,1
"356","SNOW","EBS","ALL",2006,"150-160",155,0,0,0,1
"357","SNOW","EBS","ALL",2006,"160-170",165,0,0,0,1
"358","SNOW","EBS","ALL",2006,"170-180",175,0,0,0,1
"359","SNOW","EBS","ALL",2006,"180-190",185,0,0,0,1
"360","SNOW","EBS","ALL",2006,"190-200",195,0,0,0,1
"361","SNOW","EBS","ALL",2007,"0-10",5,0,0,0,0
"362","SNOW","EBS","ALL",2007,"10-20",15,0,0,0,0
"363","SNOW","EBS","ALL",2007,"20-30",25,0,0,0,0
"364","SNOW","EBS","ALL",2007,"30-40",35,0,0,0,0
"365","SNOW","EBS","ALL",2007,"40-50",45,30.734,0,30.734,0
"366","SNOW","EBS","ALL",2007,"50-60",55,156.4973,23.1458,179.6431,0.128843245301378
"367","SNOW","EBS","ALL",2007,"60-70",65,403.2163,259.0698,662.2861,0.391175052594339
"368","SNOW","EBS","ALL",2007,"70-80",75,226.3825,242.8491,469.2316,0.517546345983519
"369","SNOW","EBS","ALL",2007,"80-90",85,269.7289,242.0575,511.7864,0.472965870136448
"370","SNOW","EBS","ALL",2007,"90-100",95,280.2458,230.6768,510.9226,0.451490695459547
"371","SNOW","EBS","ALL",2007,"100-110",105,78.716,371.867,450.583,0.825301886666829
"372","SNOW","EBS","ALL",2007,"110-120",115,14.1211,121.7939,135.915,0.896103447007321
"373","SNOW","EBS","ALL",2007,"120-130",125,5.6575,15.7,21.3575,0.735104764134379
"374","SNOW","EBS","ALL",2007,"130-140",135,0,2.8376,2.8376,1
"375","SNOW","EBS","ALL",2007,"140-150",145,0,0,0,1
"376","SNOW","EBS","ALL",2007,"150-160",155,0,0,0,1
"377","SNOW","EBS","ALL",2007,"160-170",165,0,0,0,1
"378","SNOW","EBS","ALL",2007,"170-180",175,0,0,0,1
"379","SNOW","EBS","ALL",2007,"180-190",185,0,0,0,1
"380","SNOW","EBS","ALL",2007,"190-200",195,0,0,0,1
"381","SNOW","EBS","ALL",2008,"0-10",5,0,0,0,0
"382","SNOW","EBS","ALL",2008,"10-20",15,0,0,0,0
"383","SNOW","EBS","ALL",2008,"20-30",25,0,0,0,0
"384","SNOW","EBS","ALL",2008,"30-40",35,0,0,0,0
"385","SNOW","EBS","ALL",2008,"40-50",45,0,0,0,NA
"386","SNOW","EBS","ALL",2008,"50-60",55,0,0,0,NA
"387","SNOW","EBS","ALL",2008,"60-70",65,0,0,0,NA
"388","SNOW","EBS","ALL",2008,"70-80",75,0,0,0,NA
"389","SNOW","EBS","ALL",2008,"80-90",85,0,0,0,NA
"390","SNOW","EBS","ALL",2008,"90-100",95,0,0,0,NA
"391","SNOW","EBS","ALL",2008,"100-110",105,0,0,0,NA
"392","SNOW","EBS","ALL",2008,"110-120",115,0,0,0,NA
"393","SNOW","EBS","ALL",2008,"120-130",125,0,0,0,NA
"394","SNOW","EBS","ALL",2008,"130-140",135,0,0,0,1
"395","SNOW","EBS","ALL",2008,"140-150",145,0,0,0,1
"396","SNOW","EBS","ALL",2008,"150-160",155,0,0,0,1
"397","SNOW","EBS","ALL",2008,"160-170",165,0,0,0,1
"398","SNOW","EBS","ALL",2008,"170-180",175,0,0,0,1
"399","SNOW","EBS","ALL",2008,"180-190",185,0,0,0,1
"400","SNOW","EBS","ALL",2008,"190-200",195,0,0,0,1
"401","SNOW","EBS","ALL",2009,"0-10",5,0,0,0,0
"402","SNOW","EBS","ALL",2009,"10-20",15,1,1,2,0
"403","SNOW","EBS","ALL",2009,"20-30",25,5,0,5,0
"404","SNOW","EBS","ALL",2009,"30-40",35,27,1,28,0
"405","SNOW","EBS","ALL",2009,"40-50",45,38,0,38,0
"406","SNOW","EBS","ALL",2009,"50-60",55,3,2,5,0.4
"407","SNOW","EBS","ALL",2009,"60-70",65,14,6,20,0.3
"408","SNOW","EBS","ALL",2009,"70-80",75,9,4,13,0.307692307692308
"409","SNOW","EBS","ALL",2009,"80-90",85,16,5,21,0.238095238095238
"410","SNOW","EBS","ALL",2009,"90-100",95,38,4,42,0.0952380952380952
"411","SNOW","EBS","ALL",2009,"100-110",105,14,23,37,0.621621621621622
"412","SNOW","EBS","ALL",2009,"110-120",115,2,27,29,0.931034482758621
"413","SNOW","EBS","ALL",2009,"120-130",125,1,3,4,0.75
"414","SNOW","EBS","ALL",2009,"130-140",135,0,0,0,1
"415","SNOW","EBS","ALL",2009,"140-150",145,0,0,0,1
"416","SNOW","EBS","ALL",2009,"150-160",155,0,0,0,1
"417","SNOW","EBS","ALL",2009,"160-170",165,0,0,0,1
"418","SNOW","EBS","ALL",2009,"170-180",175,0,0,0,1
"419","SNOW","EBS","ALL",2009,"180-190",185,0,0,0,1
"420","SNOW","EBS","ALL",2009,"190-200",195,0,0,0,1
"421","SNOW","EBS","ALL",2010,"0-10",5,0,0,0,0
"422","SNOW","EBS","ALL",2010,"10-20",15,0,0,0,0
"423","SNOW","EBS","ALL",2010,"20-30",25,0,0,0,0
"424","SNOW","EBS","ALL",2010,"30-40",35,115.023,0,115.023,0
"425","SNOW","EBS","ALL",2010,"40-50",45,3297.0564,8.8934,3305.9498,0.00269011949304251
"426","SNOW","EBS","ALL",2010,"50-60",55,2770.8003,285.1557,3055.956,0.0933114547460762
"427","SNOW","EBS","ALL",2010,"60-70",65,440.1752,300.6244,740.7996,0.405810694282232
"428","SNOW","EBS","ALL",2010,"70-80",75,73.2936,125.0332,198.3268,0.630440263242285
"429","SNOW","EBS","ALL",2010,"80-90",85,22.6945,28.5692,51.2637,0.557298829386096
"430","SNOW","EBS","ALL",2010,"90-100",95,6,60.4597,66.4597,0.909719724885908
"431","SNOW","EBS","ALL",2010,"100-110",105,4,129.9616,133.9616,0.970140697035568
"432","SNOW","EBS","ALL",2010,"110-120",115,3,48.8946,51.8946,0.942190516932398
"433","SNOW","EBS","ALL",2010,"120-130",125,0,45.6091,45.6091,1
"434","SNOW","EBS","ALL",2010,"130-140",135,0,3,3,1
"435","SNOW","EBS","ALL",2010,"140-150",145,0,0,0,1
"436","SNOW","EBS","ALL",2010,"150-160",155,0,0,0,1
"437","SNOW","EBS","ALL",2010,"160-170",165,0,0,0,1
"438","SNOW","EBS","ALL",2010,"170-180",175,0,0,0,1
"439","SNOW","EBS","ALL",2010,"180-190",185,0,0,0,1
"440","SNOW","EBS","ALL",2010,"190-200",195,0,0,0,1
"441","SNOW","EBS","ALL",2011,"0-10",5,0,0,0,0
"442","SNOW","EBS","ALL",2011,"10-20",15,0,0,0,0
"443","SNOW","EBS","ALL",2011,"20-30",25,1,0,1,0
"444","SNOW","EBS","ALL",2011,"30-40",35,2,1,3,0
"445","SNOW","EBS","ALL",2011,"40-50",45,35.8472,0,35.8472,0
"446","SNOW","EBS","ALL",2011,"50-60",55,115.1207,13.007,128.1277,0.101515909518395
"447","SNOW","EBS","ALL",2011,"60-70",65,63.3253,11.4548,74.7801,0.153179789810391
"448","SNOW","EBS","ALL",2011,"70-80",75,26.81,27.1831,53.9931,0.503455071110938
"449","SNOW","EBS","ALL",2011,"80-90",85,27.543,12.2655,39.8085,0.308112589019933
"450","SNOW","EBS","ALL",2011,"90-100",95,16.908,13.679,30.587,0.447216137574787
"451","SNOW","EBS","ALL",2011,"100-110",105,1,23.679,24.679,0.95947971959966
"452","SNOW","EBS","ALL",2011,"110-120",115,0,28.55,28.55,1
"453","SNOW","EBS","ALL",2011,"120-130",125,1,6,7,0.857142857142857
"454","SNOW","EBS","ALL",2011,"130-140",135,0,2,2,1
"455","SNOW","EBS","ALL",2011,"140-150",145,0,0,0,1
"456","SNOW","EBS","ALL",2011,"150-160",155,0,0,0,1
"457","SNOW","EBS","ALL",2011,"160-170",165,0,0,0,1
"458","SNOW","EBS","ALL",2011,"170-180",175,0,0,0,1
"459","SNOW","EBS","ALL",2011,"180-190",185,0,0,0,1
"460","SNOW","EBS","ALL",2011,"190-200",195,0,0,0,1
"461","SNOW","EBS","ALL",2012,"0-10",5,0,0,0,0
"462","SNOW","EBS","ALL",2012,"10-20",15,0,0,0,0
"463","SNOW","EBS","ALL",2012,"20-30",25,0,0,0,0
"464","SNOW","EBS","ALL",2012,"30-40",35,0,0,0,0
"465","SNOW","EBS","ALL",2012,"40-50",45,0,0,0,NA
"466","SNOW","EBS","ALL",2012,"50-60",55,0,0,0,NA
"467","SNOW","EBS","ALL",2012,"60-70",65,0,0,0,NA
"468","SNOW","EBS","ALL",2012,"70-80",75,0,0,0,NA
"469","SNOW","EBS","ALL",2012,"80-90",85,0,0,0,NA
"470","SNOW","EBS","ALL",2012,"90-100",95,0,0,0,NA
"471","SNOW","EBS","ALL",2012,"100-110",105,0,1,1,1
"472","SNOW","EBS","ALL",2012,"110-120",115,0,0,0,NA
"473","SNOW","EBS","ALL",2012,"120-130",125,0,0,0,NA
"474","SNOW","EBS","ALL",2012,"130-140",135,0,0,0,1
"475","SNOW","EBS","ALL",2012,"140-150",145,0,0,0,1
"476","SNOW","EBS","ALL",2012,"150-160",155,0,0,0,1
"477","SNOW","EBS","ALL",2012,"160-170",165,0,0,0,1
"478","SNOW","EBS","ALL",2012,"170-180",175,0,0,0,1
"479","SNOW","EBS","ALL",2012,"180-190",185,0,0,0,1
"480","SNOW","EBS","ALL",2012,"190-200",195,0,0,0,1
"481","SNOW","EBS","ALL",2013,"0-10",5,0,0,0,0
"482","SNOW","EBS","ALL",2013,"10-20",15,0,0,0,0
"483","SNOW","EBS","ALL",2013,"20-30",25,18.6373,0,18.6373,0
"484","SNOW","EBS","ALL",2013,"30-40",35,262.6474,0,262.6474,0
"485","SNOW","EBS","ALL",2013,"40-50",45,381.9715,0,381.9715,0
"486","SNOW","EBS","ALL",2013,"50-60",55,397.0743,27.4835,424.5578,0.0647344130763821
"487","SNOW","EBS","ALL",2013,"60-70",65,192.1519,80.5942,272.7461,0.29549166789186
"488","SNOW","EBS","ALL",2013,"70-80",75,98.6361,108.1343,206.7704,0.522967987681022
"489","SNOW","EBS","ALL",2013,"80-90",85,58.6393,72.4436,131.0829,0.552654846665736
"490","SNOW","EBS","ALL",2013,"90-100",95,26.5326,63.7041,90.2367,0.705966641067326
"491","SNOW","EBS","ALL",2013,"100-110",105,6,57.4965,63.4965,0.905506602726134
"492","SNOW","EBS","ALL",2013,"110-120",115,6,18,24,0.75
"493","SNOW","EBS","ALL",2013,"120-130",125,0,3,3,1
"494","SNOW","EBS","ALL",2013,"130-140",135,0,0,0,1
"495","SNOW","EBS","ALL",2013,"140-150",145,0,0,0,1
"496","SNOW","EBS","ALL",2013,"150-160",155,0,0,0,1
"497","SNOW","EBS","ALL",2013,"160-170",165,0,0,0,1
"498","SNOW","EBS","ALL",2013,"170-180",175,0,0,0,1
"499","SNOW","EBS","ALL",2013,"180-190",185,0,0,0,1
"500","SNOW","EBS","ALL",2013,"190-200",195,0,0,0,1
"501","SNOW","EBS","ALL",2014,"0-10",5,0,0,0,0
"502","SNOW","EBS","ALL",2014,"10-20",15,0,0,0,0
"503","SNOW","EBS","ALL",2014,"20-30",25,0,0,0,0
"504","SNOW","EBS","ALL",2014,"30-40",35,0,0,0,0
"505","SNOW","EBS","ALL",2014,"40-50",45,0,0,0,NA
"506","SNOW","EBS","ALL",2014,"50-60",55,0,0,0,NA
"507","SNOW","EBS","ALL",2014,"60-70",65,0,0,0,NA
"508","SNOW","EBS","ALL",2014,"70-80",75,0,0,0,NA
"509","SNOW","EBS","ALL",2014,"80-90",85,0,0,0,NA
"510","SNOW","EBS","ALL",2014,"90-100",95,0,0,0,NA
"511","SNOW","EBS","ALL",2014,"100-110",105,0,0,0,NA
"512","SNOW","EBS","ALL",2014,"110-120",115,0,0,0,NA
"513","SNOW","EBS","ALL",2014,"120-130",125,0,0,0,NA
"514","SNOW","EBS","ALL",2014,"130-140",135,0,0,0,1
"515","SNOW","EBS","ALL",2014,"140-150",145,0,0,0,1
"516","SNOW","EBS","ALL",2014,"150-160",155,0,0,0,1
"517","SNOW","EBS","ALL",2014,"160-170",165,0,0,0,1
"518","SNOW","EBS","ALL",2014,"170-180",175,0,0,0,1
"519","SNOW","EBS","ALL",2014,"180-190",185,0,0,0,1
"520","SNOW","EBS","ALL",2014,"190-200",195,0,0,0,1
"521","SNOW","EBS","ALL",2015,"0-10",5,0,0,0,0
"522","SNOW","EBS","ALL",2015,"10-20",15,1,0,1,0
"523","SNOW","EBS","ALL",2015,"20-30",25,39.92704,1,40.92704,0
"524","SNOW","EBS","ALL",2015,"30-40",35,66.20366,13.96352,80.16718,0
"525","SNOW","EBS","ALL",2015,"40-50",45,89.17918,0,89.17918,0
"526","SNOW","EBS","ALL",2015,"50-60",55,65.4466,9.30252,74.74912,0.124449893189378
"527","SNOW","EBS","ALL",2015,"60-70",65,86.89508,51.46344,138.35852,0.371957144381134
"528","SNOW","EBS","ALL",2015,"70-80",75,31.78323,34.76272,66.54595,0.52238671173828
"529","SNOW","EBS","ALL",2015,"80-90",85,16,16.32694,32.32694,0.505056773081523
"530","SNOW","EBS","ALL",2015,"90-100",95,18,23,41,0.560975609756098
"531","SNOW","EBS","ALL",2015,"100-110",105,1,38,39,0.974358974358974
"532","SNOW","EBS","ALL",2015,"110-120",115,0,39,39,1
"533","SNOW","EBS","ALL",2015,"120-130",125,0,13,13,1
"534","SNOW","EBS","ALL",2015,"130-140",135,0,2,2,1
"535","SNOW","EBS","ALL",2015,"140-150",145,0,0,0,1
"536","SNOW","EBS","ALL",2015,"150-160",155,0,0,0,1
"537","SNOW","EBS","ALL",2015,"160-170",165,0,0,0,1
"538","SNOW","EBS","ALL",2015,"170-180",175,0,0,0,1
"539","SNOW","EBS","ALL",2015,"180-190",185,0,0,0,1
"540","SNOW","EBS","ALL",2015,"190-200",195,0,0,0,1
"541","SNOW","EBS","ALL",2016,"0-10",5,0,0,0,0
"542","SNOW","EBS","ALL",2016,"10-20",15,0,0,0,0
"543","SNOW","EBS","ALL",2016,"20-30",25,0,0,0,0
"544","SNOW","EBS","ALL",2016,"30-40",35,1,0,1,0
"545","SNOW","EBS","ALL",2016,"40-50",45,0,0,0,NA
"546","SNOW","EBS","ALL",2016,"50-60",55,0,0,0,NA
"547","SNOW","EBS","ALL",2016,"60-70",65,0,0,0,NA
"548","SNOW","EBS","ALL",2016,"70-80",75,0,0,0,NA
"549","SNOW","EBS","ALL",2016,"80-90",85,0,0,0,NA
"550","SNOW","EBS","ALL",2016,"90-100",95,0,0,0,NA
"551","SNOW","EBS","ALL",2016,"100-110",105,0,0,0,NA
"552","SNOW","EBS","ALL",2016,"110-120",115,0,0,0,NA
"553","SNOW","EBS","ALL",2016,"120-130",125,0,0,0,NA
"554","SNOW","EBS","ALL",2016,"130-140",135,0,0,0,1
"555","SNOW","EBS","ALL",2016,"140-150",145,0,0,0,1
"556","SNOW","EBS","ALL",2016,"150-160",155,0,0,0,1
"557","SNOW","EBS","ALL",2016,"160-170",165,0,0,0,1
"558","SNOW","EBS","ALL",2016,"170-180",175,0,0,0,1
"559","SNOW","EBS","ALL",2016,"180-190",185,0,0,0,1
"560","SNOW","EBS","ALL",2016,"190-200",195,0,0,0,1
"561","SNOW","EBS","ALL",2017,"0-10",5,0,0,0,0
"562","SNOW","EBS","ALL",2017,"10-20",15,0,0,0,0
"563","SNOW","EBS","ALL",2017,"20-30",25,3,0,3,0
"564","SNOW","EBS","ALL",2017,"30-40",35,382.31019,67.2883,449.59849,0
"565","SNOW","EBS","ALL",2017,"40-50",45,4273.76455,164.47448,4438.23903,0.0370584997536737
"566","SNOW","EBS","ALL",2017,"50-60",55,2997.29591,1287.15577,4284.45168,0.300424853898691
"567","SNOW","EBS","ALL",2017,"60-70",65,1511.65199,681.12125,2192.77324,0.310620924031342
"568","SNOW","EBS","ALL",2017,"70-80",75,601.49419,454.93305,1056.42724,0.430633585328602
"569","SNOW","EBS","ALL",2017,"80-90",85,187.68806,272.31125,459.99931,0.591981866233669
"570","SNOW","EBS","ALL",2017,"90-100",95,46,210.79362,256.79362,0.820867823741104
"571","SNOW","EBS","ALL",2017,"100-110",105,17,269,286,0.940559440559441
"572","SNOW","EBS","ALL",2017,"110-120",115,3,179.81512,182.81512,0.983589978771996
"573","SNOW","EBS","ALL",2017,"120-130",125,0,33,33,1
"574","SNOW","EBS","ALL",2017,"130-140",135,0,0,0,1
"575","SNOW","EBS","ALL",2017,"140-150",145,0,0,0,1
"576","SNOW","EBS","ALL",2017,"150-160",155,0,0,0,1
"577","SNOW","EBS","ALL",2017,"160-170",165,0,0,0,1
"578","SNOW","EBS","ALL",2017,"170-180",175,0,0,0,1
"579","SNOW","EBS","ALL",2017,"180-190",185,0,0,0,1
"580","SNOW","EBS","ALL",2017,"190-200",195,0,0,0,1
"581","SNOW","EBS","ALL",2018,"0-10",5,0,0,0,0
"582","SNOW","EBS","ALL",2018,"10-20",15,0,0,0,0
"583","SNOW","EBS","ALL",2018,"20-30",25,54.69497,0,54.69497,0
"584","SNOW","EBS","ALL",2018,"30-40",35,83.32115,1,84.32115,0
"585","SNOW","EBS","ALL",2018,"40-50",45,2875.95837,91.86016,2967.81853,0.0309520811570645
"586","SNOW","EBS","ALL",2018,"50-60",55,3866.46816,729.74618,4596.21434,0.158771137727228
"587","SNOW","EBS","ALL",2018,"60-70",65,1852.03331,1230.99753,3083.03084,0.399281614062609
"588","SNOW","EBS","ALL",2018,"70-80",75,683.01006,665.36766,1348.37772,0.493457916228399
"589","SNOW","EBS","ALL",2018,"80-90",85,265.88594,640.32439,906.21033,0.706595774515172
"590","SNOW","EBS","ALL",2018,"90-100",95,28,172.76699,200.76699,0.860534841908025
"591","SNOW","EBS","ALL",2018,"100-110",105,9,231.9566,240.9566,0.962648875357637
"592","SNOW","EBS","ALL",2018,"110-120",115,3,64.36193,67.36193,0.955464458931031
"593","SNOW","EBS","ALL",2018,"120-130",125,0,27.85577,27.85577,1
"594","SNOW","EBS","ALL",2018,"130-140",135,0,2,2,1
"595","SNOW","EBS","ALL",2018,"140-150",145,0,0,0,1
"596","SNOW","EBS","ALL",2018,"150-160",155,0,0,0,1
"597","SNOW","EBS","ALL",2018,"160-170",165,0,0,0,1
"598","SNOW","EBS","ALL",2018,"170-180",175,0,0,0,1
"599","SNOW","EBS","ALL",2018,"180-190",185,0,0,0,1
"600","SNOW","EBS","ALL",2018,"190-200",195,0,0,0,1
"601","SNOW","EBS","ALL",2019,"0-10",5,0,0,0,0
"602","SNOW","EBS","ALL",2019,"10-20",15,0,0,0,0
"603","SNOW","EBS","ALL",2019,"20-30",25,3,0,3,0
"604","SNOW","EBS","ALL",2019,"30-40",35,6,0,6,0
"605","SNOW","EBS","ALL",2019,"40-50",45,841.00553,167.92633,1008.93186,0.166439713778094
"606","SNOW","EBS","ALL",2019,"50-60",55,2438.73867,428.53824,2867.27691,0.149458267705298
"607","SNOW","EBS","ALL",2019,"60-70",65,1704.08015,503.08828,2207.16843,0.227933796606542
"608","SNOW","EBS","ALL",2019,"70-80",75,1751.85937,650.67726,2402.53663,0.270829277637278
"609","SNOW","EBS","ALL",2019,"80-90",85,981.71423,615.26035,1596.97458,0.385266213817881
"610","SNOW","EBS","ALL",2019,"90-100",95,131.32527,578.96242,710.28769,0.81510974799521
"611","SNOW","EBS","ALL",2019,"100-110",105,57.9053,418.07859,475.98389,0.87834609276377
"612","SNOW","EBS","ALL",2019,"110-120",115,6.34394,139.22028,145.56422,0.956418273666427
"613","SNOW","EBS","ALL",2019,"120-130",125,0,41.93596,41.93596,1
"614","SNOW","EBS","ALL",2019,"130-140",135,0,2,2,1
"615","SNOW","EBS","ALL",2019,"140-150",145,0,0,0,1
"616","SNOW","EBS","ALL",2019,"150-160",155,0,0,0,1
"617","SNOW","EBS","ALL",2019,"160-170",165,0,0,0,1
"618","SNOW","EBS","ALL",2019,"170-180",175,0,0,0,1
"619","SNOW","EBS","ALL",2019,"180-190",185,0,0,0,1
"620","SNOW","EBS","ALL",2019,"190-200",195,0,0,0,1
"621","SNOW","EBS","ALL",2021,"0-10",5,0,0,0,0
"622","SNOW","EBS","ALL",2021,"10-20",15,0,0,0,0
"623","SNOW","EBS","ALL",2021,"20-30",25,4,0,4,0
"624","SNOW","EBS","ALL",2021,"30-40",35,11,0,11,0
"625","SNOW","EBS","ALL",2021,"40-50",45,15,12.06221,27.06221,0.445721543066882
"626","SNOW","EBS","ALL",2021,"50-60",55,33.06221,41.69631,74.75852,0.557746595304455
"627","SNOW","EBS","ALL",2021,"60-70",65,52.79048,66.06221,118.85269,0.555832686664475
"628","SNOW","EBS","ALL",2021,"70-80",75,73.7356,80.99951,154.73511,0.523472080770809
"629","SNOW","EBS","ALL",2021,"80-90",85,122.99951,149.7784,272.77791,0.549085517958547
"630","SNOW","EBS","ALL",2021,"90-100",95,93.7501,195.27933,289.02943,0.675638221339605
"631","SNOW","EBS","ALL",2021,"100-110",105,13,246.01838,259.01838,0.949810511516596
"632","SNOW","EBS","ALL",2021,"110-120",115,1,74.5002,75.5002,0.986755001973505
"633","SNOW","EBS","ALL",2021,"120-130",125,0,3,3,1
"634","SNOW","EBS","ALL",2021,"130-140",135,0,1,1,1
"635","SNOW","EBS","ALL",2021,"140-150",145,0,0,0,1
"636","SNOW","EBS","ALL",2021,"150-160",155,0,0,0,1
"637","SNOW","EBS","ALL",2021,"160-170",165,0,0,0,1
"638","SNOW","EBS","ALL",2021,"170-180",175,0,0,0,1
"639","SNOW","EBS","ALL",2021,"180-190",185,0,0,0,1
"640","SNOW","EBS","ALL",2021,"190-200",195,0,0,0,1
"641","SNOW","EBS","ALL",2022,"0-10",5,0,0,0,0
"642","SNOW","EBS","ALL",2022,"10-20",15,0,0,0,0
"643","SNOW","EBS","ALL",2022,"20-30",25,16.00115,1,17.00115,0
"644","SNOW","EBS","ALL",2022,"30-40",35,135.44053,28.43872,163.87925,0
"645","SNOW","EBS","ALL",2022,"40-50",45,569.1696,6.25499,575.42459,0.0108702167211867
"646","SNOW","EBS","ALL",2022,"50-60",55,299.86233,37.09566,336.95799,0.110089866098738
"647","SNOW","EBS","ALL",2022,"60-70",65,83.92158,32.59938,116.52096,0.279772669226206
"648","SNOW","EBS","ALL",2022,"70-80",75,25,52.14158,77.14158,0.675920560610763
"649","SNOW","EBS","ALL",2022,"80-90",85,35.29004,42.36316,77.6532,0.545543004023015
"650","SNOW","EBS","ALL",2022,"90-100",95,26.11368,37.77842,63.8921,0.591284681517746
"651","SNOW","EBS","ALL",2022,"100-110",105,12.77842,92.55684,105.33526,0.878688105008712
"652","SNOW","EBS","ALL",2022,"110-120",115,4,49.11368,53.11368,0.924689835085801
"653","SNOW","EBS","ALL",2022,"120-130",125,1,13,14,0.928571428571429
"654","SNOW","EBS","ALL",2022,"130-140",135,0,2,2,1
"655","SNOW","EBS","ALL",2022,"140-150",145,0,0,0,1
"656","SNOW","EBS","ALL",2022,"150-160",155,0,0,0,1
"657","SNOW","EBS","ALL",2022,"160-170",165,0,0,0,1
"658","SNOW","EBS","ALL",2022,"170-180",175,0,0,0,1
"659","SNOW","EBS","ALL",2022,"180-190",185,0,0,0,1
"660","SNOW","EBS","ALL",2022,"190-200",195,0,0,0,1
"661","SNOW","EBS","ALL",2023,"0-10",5,0,0,0,0
"662","SNOW","EBS","ALL",2023,"10-20",15,0,0,0,0
"663","SNOW","EBS","ALL",2023,"20-30",25,1,0,1,0
"664","SNOW","EBS","ALL",2023,"30-40",35,36.37487,0,36.37487,0
"665","SNOW","EBS","ALL",2023,"40-50",45,549.01858,34.89435,583.91293,0.0597595090076186
"666","SNOW","EBS","ALL",2023,"50-60",55,900.37972,98.87786,999.25758,0.0989513234415495
"667","SNOW","EBS","ALL",2023,"60-70",65,569.7285,197.73564,767.46414,0.25764805115194
"668","SNOW","EBS","ALL",2023,"70-80",75,141.25239,51.31954,192.57193,0.266495433680288
"669","SNOW","EBS","ALL",2023,"80-90",85,36.88818,36.30728,73.19546,0.496031857713579
"670","SNOW","EBS","ALL",2023,"90-100",95,29.48392,71,100.48392,0.706580714605879
"671","SNOW","EBS","ALL",2023,"100-110",105,12.98928,126.59506,139.58434,0.90694314276229
"672","SNOW","EBS","ALL",2023,"110-120",115,2,81.73004,83.73004,0.976113710204844
"673","SNOW","EBS","ALL",2023,"120-130",125,0,25,25,1
"674","SNOW","EBS","ALL",2023,"130-140",135,0,2,2,1
"675","SNOW","EBS","ALL",2023,"140-150",145,0,0,0,1
"676","SNOW","EBS","ALL",2023,"150-160",155,0,0,0,1
"677","SNOW","EBS","ALL",2023,"160-170",165,0,0,0,1
"678","SNOW","EBS","ALL",2023,"170-180",175,0,0,0,1
"679","SNOW","EBS","ALL",2023,"180-190",185,0,0,0,1
"680","SNOW","EBS","ALL",2023,"190-200",195,0,0,0,1
"681","SNOW","EBS","ALL",2024,"0-10",5,0,0,0,0
"682","SNOW","EBS","ALL",2024,"10-20",15,0,0,0,0
"683","SNOW","EBS","ALL",2024,"20-30",25,5.07088,0,5.07088,0
"684","SNOW","EBS","ALL",2024,"30-40",35,85.62802,0,85.62802,0
"685","SNOW","EBS","ALL",2024,"40-50",45,2258.11043,173.53803,2431.64846,0.0713664137126137
"686","SNOW","EBS","ALL",2024,"50-60",55,2827.23056,423.57092,3250.80148,0.130297381309178
"687","SNOW","EBS","ALL",2024,"60-70",65,1686.99209,775.17201,2462.1641,0.314833609181451
"688","SNOW","EBS","ALL",2024,"70-80",75,472.62686,237.1258,709.75266,0.334096387888141
"689","SNOW","EBS","ALL",2024,"80-90",85,130.40519,197.24561,327.6508,0.601999476271689
"690","SNOW","EBS","ALL",2024,"90-100",95,22,52,74,0.702702702702703
"691","SNOW","EBS","ALL",2024,"100-110",105,25.15554,64,89.15554,0.717846585865556
"692","SNOW","EBS","ALL",2024,"110-120",115,3,86.15554,89.15554,0.966350941287552
"693","SNOW","EBS","ALL",2024,"120-130",125,0,28,28,1
"694","SNOW","EBS","ALL",2024,"130-140",135,0,2,2,1
"695","SNOW","EBS","ALL",2024,"140-150",145,0,0,0,1
"696","SNOW","EBS","ALL",2024,"150-160",155,0,0,0,1
"697","SNOW","EBS","ALL",2024,"160-170",165,0,0,0,1
"698","SNOW","EBS","ALL",2024,"170-180",175,0,0,0,1
"699","SNOW","EBS","ALL",2024,"180-190",185,0,0,0,1
"700","SNOW","EBS","ALL",2024,"190-200",195,0,0,0,1
